"case_id","model","condition","credit_risk","classification","correct","input_tokens","output_tokens","timestamp","response_text","error"
"1","claude-haiku-4-5-20251001","bare","Good","Bad","False","298","760","2026-02-25T12:15:18.936263","# Credit Risk Assessment: BAD

## Classification Reasoning

This applicant presents **significant credit risk** despite some mitigating factors. The combination of critical financial indicators outweighs the positive elements of their profile.

## Heavily Weighted Risk Factors

**1. Negative Checking Account Balance (< 0 DM)**
- This is the most critical red flag. A negative account indicates immediate liquidity problems and inability to manage basic finances.
- Suggests chronic cash flow difficulties and poor financial discipline.

**2. Critical Credit History**
- ""Critical account / other credits existing"" indicates previous payment difficulties or defaults.
- Combined with negative checking balance, this shows a *pattern* of credit management problems, not an isolated incident.

**3. Advanced Age (67 years) + Short Loan Duration (6 months)**
- At retirement age with a 6-month loan term, repayment capacity is highly uncertain.
- Limited remaining earning years to recover from financial setbacks.
- Raises questions about ability to service debt post-retirement.

**4. Unknown/No Savings Status**
- No financial cushion for emergencies or payment disruptions.
- Demonstrates lack of financial prudence and savings discipline.
- Combined with negative checking account, indicates zero emergency reserves.

**5. Foreign Worker Status**
- Additional employment instability risk (visa/work permit dependency, potential repatriation).
- Even with 7+ years tenure, regulatory changes could affect employment.

## Discounted or Neutral Factors

**Employment Stability (7+ years, skilled/official position)**
- Normally strong, but undermined by age (approaching/at retirement) and foreign worker status.
- Provides some income certainty *while employed*, but limited time horizon.

**Property Ownership & Own Housing**
- Positive collateral indicator, but applicant already has 2 existing credits at this bank.
- Suggests property may already be leveraged; equity position unknown.

**Low Installment Rate (4%)**
- Only marginally positive given other risk factors; doesn't compensate for fundamental credit issues.

**Stable Residence (4 years)**
- Modest positive but overshadowed by financial instability.

## Beyond the Profile: Additional Considerations

1. **Retirement Income Risk**: At 67, employment could end involuntarily through retirement or health issues. The 6-month loan term doesn't align with typical retirement planning.

2. **Demographic Pattern**: Advanced age + foreign worker + critical credit history suggests possible vulnerability to financial exploitation or predatory lending acceptance.

3. **Loan Purpose (Radio/Television)**: Consumer durable financing for a 67-year-old with negative balance raises affordability questions—this is discretionary spending when accounts are overdrawn.

4. **Two Existing Credits**: Already indebted to this bank; adding a third credit increases exposure and suggests debt accumulation pattern.

5. **Dependent Obligations**: With 1 dependent and negative cash flow, financial pressure is acute.

## Conclusion

The negative checking account and critical credit history are disqualifying factors that indicate the applicant **cannot reliably service additional debt**. The advanced age, foreign worker status, and lack of savings compound these concerns. While employment stability is noted, it's insufficient to overcome fundamental liquidity and creditworthiness issues.

**Recommendation**: Decline or defer pending resolution of account status and credit history clarification.",""
"2","claude-haiku-4-5-20251001","bare","Bad","Bad","True","301","785","2026-02-25T12:15:28.879046","# Credit Risk Assessment: BAD

## Classification Reasoning

This applicant presents **moderate-to-high credit risk** despite some positive factors. The combination of weak liquidity, marginal employment stability, and foreign worker status creates material default risk that outweighs mitigating factors.

## Heavily Weighted Risk Factors

**1. Severely Inadequate Liquid Assets (Critical)**
- Checking account: 0-200 DM (minimal)
- Savings: <100 DM (essentially none)
- This represents virtually no financial buffer for emergencies or income disruption. With a 48-month loan commitment, this is concerning.

**2. Marginal Employment Stability (Significant)**
- Only 1-4 years tenure as skilled employee
- Combined with foreign worker status, this creates vulnerability to sudden job loss
- No demonstrated long-term employment history

**3. Foreign Worker Status (Contextual Risk)**
- Without additional information, foreign workers may face:
  - Visa/residency dependency on employment
  - Potential labor market discrimination or contract vulnerabilities
  - Language/integration barriers affecting employment security
- This amplifies employment stability concerns

**4. Young Age with Limited Credit History (Moderate)**
- Age 22 with only 1 existing credit at this bank
- Insufficient track record to assess long-term financial behavior
- Limited life experience managing obligations

## Moderating Positive Factors

**1. Clean Credit History (Positive)**
- Previous credits paid on time
- Shows current willingness/ability to meet obligations

**2. Reasonable Loan Terms**
- 48-month duration is manageable
- 2% installment rate relative to disposable income is conservative
- Loan amount proportional to income

**3. Collateral/Stability Indicators**
- Owns real estate (significant asset backing)
- Owns home (financial commitment/stability signal)
- Stable family situation (1 dependent, married/divorced status)

**4. Employment Quality**
- Skilled employee/official status suggests decent earning potential
- Not casual/temporary labor

## Factors Discounted and Why

**1. Real Estate Ownership** – While positive, real estate cannot be quickly liquidated in case of payment difficulty, limiting its protective value for short-term default risk.

**2. Existing Credit Performance** – One paid credit is encouraging but insufficient to override current financial fragility. A single positive history doesn't guarantee future performance.

## Beyond-Profile Considerations

**Implicit Risk Factors:**
- **Loan Purpose (Radio/Television):** Discretionary consumption, not productive investment. This doesn't generate income to service the debt.
- **Geographic/Economic Context:** This profile references Deutsche Mark (pre-Euro Germany), suggesting early 1990s or earlier. Foreign worker status carried different political/economic implications in that era.
- **Income Verification:** The profile doesn't explicitly state monthly income, only installment rate percentage. Inability to verify actual earnings is a gap.

## Conclusion

The applicant's **lack of financial reserves** combined with **precarious employment security** creates unacceptable default risk. While the loan is individually manageable, any income disruption (job loss, visa issues, or family emergency) would leave no cushion. The real estate ownership provides only structural mitigation; it cannot prevent short-term payment defaults.

**Recommendation:** Request substantial improvement in liquid savings before approval, or structure with a co-signer/guarantor to mitigate foreign worker employment risk.",""
"3","claude-haiku-4-5-20251001","bare","Good","Bad","False","293","676","2026-02-25T12:15:39.181840","# Classification: BAD CREDIT RISK

## Reasoning:

### Heavily Weighted Negative Factors:

1. **Critical Credit History** – This is the single most damaging factor. ""Critical account / other credits existing"" indicates past payment problems or defaults, which is the strongest predictor of future default risk. This alone is typically disqualifying.

2. **No Checking Account** – Suggests financial disorganization or exclusion from mainstream banking. Combined with critical credit history, this indicates the applicant may lack basic financial management infrastructure.

3. **Minimal Savings (< 100 DM)** – Virtually no financial cushion to handle unexpected expenses or payment disruptions. With an education loan, this shows no ability to absorb shocks.

4. **Low Income/Low Job Status** – ""Unskilled - resident"" with only 2% installment rate (suggesting very limited disposable income) and dependent on a low-wage position. An unskilled worker with 2 dependents has precarious income stability.

5. **Foreign Worker Status** – Combined with ""no telephone registered,"" this raises concerns about stability, verifiability, and potential employment vulnerability (visa restrictions, deportation risk).

### Moderately Weighted Negative Factors:

6. **Only 4-7 Years Employment Stability** – Relatively short tenure for an unskilled worker; limited job security documentation.

7. **Recent Residence (3 years)** – Not deeply rooted in current location; combined with foreign worker status, suggests possible mobility/instability.

8. **No Telephone Registration** – Red flag for contact/verification ability and financial formality.

### Limited Mitigating Factors:

- **Real Estate Ownership** – Positive, but likely inherited or from prior relationship given current financial profile; may not be leverageable or at risk given debt situation.
- **Only 1 Existing Credit** – Better than multiple credits, but doesn't offset critical history.
- **Small Loan Amount (2,096 DM)** – Reduces absolute loss exposure, but doesn't change the risk profile.
- **No Other Installment Plans** – Modest positive, but insufficient given other factors.

### Factors Discounted:

- Age (49) – Typically more stable, but contradicted by unskilled status and employment precarity.
- Owned Housing – Unclear if mortgaged; provides minimal comfort given overall fragility.

## Beyond the Data:

I draw on standard credit risk principles that critical payment history is the most reliable predictor of future defaults. The combination of past defaults + minimal financial buffers + low income stability + foreign worker status + documentation gaps creates a **compounding risk profile** where any income disruption (unemployment, visa issues, health crisis) would likely trigger default. The education loan purpose is also unusual for a 49-year-old unskilled worker with dependents—raising questions about loan rationale and repayment capacity.

**Recommendation: DECLINE or require substantial co-signer/collateral.**",""
"4","claude-haiku-4-5-20251001","bare","Good","Bad","False","300","865","2026-02-25T12:15:49.326978","# Credit Risk Assessment: BAD

## Classification Rationale

This applicant presents **significant credit risk** despite some mitigating factors. The combination of negative account status, minimal savings, and foreign worker status creates substantial concern about repayment capacity and stability.

## Heavily Weighted Risk Factors

**1. Negative Checking Account Balance (< 0 DM)**
- This is the most critical red flag. A negative account indicates current inability to manage cash flow and suggests immediate financial stress.
- Combined with minimal savings (< 100 DM), there is virtually no financial buffer for emergencies or loan defaults.

**2. Minimal Savings and Assets (< 100 DM)**
- Despite property ownership claim (building society savings), the negligible liquid assets suggest either:
  - Depleted savings (indicating recent financial difficulties)
  - Inaccurate reporting
  - Limited genuine commitment to saving/financial discipline

**3. Foreign Worker Status**
- While not disqualifying, this increases risk profile:
  - Potential visa/employment permit uncertainties
  - Possible repatriation risk
  - Potential language/documentation barriers
  - Less established local financial history

**4. Housing Status (""for free"")**
- While this reduces housing costs, it may indicate:
  - Dependency on others
  - Less stability than home ownership
  - Potential changes in living arrangement

## Moderately Weighted Concerns

**5. Credit Amount vs. Income**
- While the installment rate (2% of disposable income) appears manageable, combined with existing credit of 1 other loan, total debt burden warrants scrutiny.

**6. Employment Stability (4-7 years)**
- This is actually positive but not sufficiently robust given other factors, particularly for a foreign worker (visa renewal risks).

## Discounted/Neutral Factors

**1. Loan Purpose (Furniture/Equipment)** - Neutral
- This is generally lower-risk than consumption or speculation, but doesn't offset other concerns.

**2. Existing Credit History (""paid back duly till now"")** - Mitigating
- Positive, but insufficient to overcome current financial distress signals.

**3. Age (45) and Marital Status** - Neutral
- Mature, stable age, but single status with 2 dependents may indicate financial pressure.

**4. Employment Level (Skilled employee/official)** - Moderately Positive
- Suggests reasonable income, but doesn't override cash flow problems evident in account status.

**5. Guarantor Present** - Mitigating
- Provides some secondary repayment source, but effectiveness depends on guarantor's creditworthiness (not provided).

**6. Loan Duration (42 months)** - Neutral
- Reasonable timeframe, but extended repayment with negative account balance is concerning.

## External Considerations

1. **Economic Context**: If this application is from the 1970s-1990s German credit market (suggested by DM currency), foreign worker status held particular risk given economic cycles and visa policies of that era.

2. **Employment Permit Risk**: Many countries restrict foreign workers' ability to remain employed; loss of employment status would trigger loan default.

3. **Savings Behavior**: The negative account + minimal savings suggests poor financial discipline or recent crisis—both predictive of future default.

4. **Guarantor Reliance**: The necessity of a guarantor itself suggests lender skepticism about primary applicant's creditworthiness.

## Conclusion

The negative checking account balance combined with minimal financial reserves and foreign worker status create unacceptable repayment risk. While employment stability and a guarantor provide some mitigation, they do not offset the immediate evidence of financial distress. A prudent lender would **decline this application** or require significant additional security/guarantor verification.",""
"5","claude-haiku-4-5-20251001","bare","Bad","Bad","True","296","843","2026-02-25T12:15:59.658487","# Credit Risk Assessment: BAD

## Classification Rationale

This applicant presents **significant credit risk** across multiple dimensions, with several red flags that outweigh mitigating factors.

## Heavily Weighted Negative Factors

1. **Negative Checking Account Balance (< 0 DM)**
   - This is the most alarming indicator. A negative account balance suggests current financial distress and inability to manage basic cash flow. This is often predictive of default risk.

2. **Poor Credit History (Past Payment Delays)**
   - Previous delays in repayment demonstrate a track record of delinquency. This is among the strongest predictors of future default, as past behavior is typically the best indicator of future behavior.

3. **Minimal Savings (< 100 DM)**
   - Almost no financial buffer or emergency reserves. Combined with the negative checking balance, this suggests the applicant lives hand-to-mouth with zero cushion for unexpected expenses or income disruption.

4. **High Debt-to-Income Ratio Context**
   - While the installment rate of 3% appears modest in isolation, paired with already negative account balance and minimal savings, the applicant has no flexibility to absorb this additional obligation.

## Discounted Positive Factors

1. **Low Installment Rate (3%)**
   - Theoretically manageable, but meaningless given the applicant's inability to maintain a positive checking balance.

2. **Stable Employment (1-4 years tenure, skilled worker)**
   - Provides some income stability, but insufficient to offset the behavioral and liquidity red flags.

3. **Housing Expense Covered (lives for free)**
   - Eliminates a major expense category, but hasn't prevented negative account balance, suggesting income is inadequate or spending is undisciplined.

4. **Existing Banking Relationship (2 credits at bank)**
   - Suggests some history with the institution, but doesn't mitigate the current risk profile.

## Critical Risk Factors

- **Foreign worker status**: May indicate income volatility, potential visa/employment permit issues, or vulnerability to labor market discrimination that affects job security.
- **No telephone registration**: May suggest recent relocation or financial instability; reduces contact reliability.
- **Age 53 with dependent children**: Suggests limited remaining earning years and potential financial strain.
- **Loan purpose (new car)**: A discretionary purchase, not essential. The timing (given negative cash position) suggests poor financial judgment or necessity driven by employment needs.

## Knowledge & Considerations Beyond Profile

1. **Behavioral Economics**: Past payment delays + current negative balance = established pattern of financial mismanagement, not circumstantial hardship.

2. **Default Cascades**: An applicant already in negative territory taking on new debt typically leads to either: (a) further debt accumulation, (b) missed payments on the new loan, or (c) missed payments on existing obligations.

3. **German Banking Context** (implied by DM currency): Credit scoring at this period (likely 1990s-2000s) relied heavily on credit history; delays would have been a major red flag.

4. **Loan Amount Proportionality**: 4,870 DM for a new car is relatively modest, yet the applicant lacks liquidity to absorb it—suggesting stretched finances.

## Conclusion

While the applicant has employment and some existing credit history, the combination of **current negative cash position, past delinquency, minimal savings, and poor financial discipline** creates an unacceptable risk profile. The probability of default on this loan is high. 

**Recommendation**: Decline, or condition approval on: (1) proof of account normalization, (2) mandatory down payment reducing exposure, or (3) co-guarantor.",""
"6","claude-haiku-4-5-20251001","bare","Good","Bad","False","297","652","2026-02-25T12:16:07.851202","# Credit Risk Assessment: BAD

## Classification Reasoning

This applicant presents **significant credit risk** despite some mitigating factors. The combination of unstable employment, limited financial resources, and structural vulnerabilities outweighs positive elements.

## Heavily Weighted Risk Factors

**1. Employment Instability (Critical Weight)**
- Only 1-4 years in current position as unskilled worker
- Unskilled labor has high turnover and income volatility
- Education loan suggests potential career transition, creating additional uncertainty
- For a 36-month commitment, employment continuity is essential

**2. Foreign Worker Status (High Weight)**
- Subject to visa/permit renewal requirements
- Potential deportation or relocation risk
- May face employment discrimination or restricted job mobility
- Complicates debt collection if circumstances change

**3. Weak Financial Foundation (High Weight)**
- No checking account (suggests limited banking integration and financial discipline)
- No savings/bonds (zero financial cushion for emergencies)
- Low installment rate (2%) appears artificially conservative given profile—suggests limited disposable income
- Dependent on housing subsidy (""for free""), indicating constrained budget

**4. Debt Service Vulnerability**
- 9,055 DM over 36 months requires consistent 250+ DM/month payments
- With 2 dependents and unskilled income, margin for error is minimal
- Any employment disruption immediately threatens repayment

## Mitigating Factors (Discounted)

**Positive but Limited Weight:**
- Existing credit paid ""duly till now"" (shows past responsibility, but with only 1 existing credit at this bank, history is thin)
- Reasonable loan amount relative to some profiles
- Telephone registration (minor indicator of stability)
- 4-year residence history (suggests some stability, but contradicted by employment tenure)
- Low installment rate (paradoxically suggests sustainable payments but may mask inadequate income)

## Key Considerations Beyond Stated Data

1. **Purpose Risk**: Education loans for 35-year-old unskilled workers suggest retraining, which may or may not succeed in improving income
2. **Dependent Obligations**: Two dependents on unskilled income create competing financial pressures
3. **Collateral Absence**: No property, savings, or guarantors means unsecured lending on weakest profile
4. **Geographic/Economic Context**: Foreign worker status in what appears to be a German lending context (DM currency) adds systemic risk
5. **Age Consideration**: At 35, applicant has limited earning potential runway to recover from default

## Conclusion

While the applicant shows some responsible credit behavior historically, the structural vulnerabilities—particularly unstable employment, foreign worker status, and minimal financial reserves—create too much default risk for a 36-month commitment. The bank would likely face difficulty collecting if the applicant loses employment or immigration status.",""
"7","claude-haiku-4-5-20251001","bare","Good","Bad","False","296","678","2026-02-25T12:16:16.659922","# Credit Risk Assessment: **BAD**

## Reasoning

### Heavily Weighted Negative Factors

1. **No Checking Account** (Most Critical)
   - Indicates no established banking relationship or transaction history with the lender
   - Suggests financial disorganization or banking exclusion
   - This is a major red flag for creditworthiness monitoring and payment reliability

2. **Foreign Worker Status**
   - Creates uncertainty regarding employment visa duration and renewal
   - Risk of forced departure or sudden employment termination
   - Potential complications in debt collection if applicant must leave the country
   - May indicate less stable long-term residency prospects

3. **No Telephone Registration**
   - Suggests social/financial marginalization or deliberate anonymity
   - Complicates contact for payment reminders or account issues
   - In 1990s-era credit systems (this appears to be German credit data), lack of telephone was a meaningful default risk indicator

### Moderately Positive Factors (Insufficient to Overcome Negatives)

1. **Employment Stability** (≥7 years as skilled employee)
   - Provides income stability and suggests maturity in workforce
   - However, this is severely undermined by foreign worker status

2. **Existing Credit History** (paid back duly)
   - Shows past responsible behavior with one existing credit
   - Suggests capacity to service debt obligations

3. **Low Installment Rate** (3% of disposable income)
   - Very manageable payment burden
   - Indicates adequate income relative to credit size (2,835 DM)

4. **Property Ownership** (building society savings, life insurance)
   - Demonstrates asset accumulation and financial prudence
   - Some collateral value in case of default

### Factors Discounted or Considered Neutral

- **Age 53**: Acceptable; demonstrates work history but also suggests limited remaining earning years
- **Savings 500-1000 DM**: Modest emergency cushion relative to loan size
- **4 Years Residence**: Adequate stability; not exceptional
- **Loan Purpose (Furniture)**: Non-productive asset; standard consumer credit risk
- **24-Month Duration**: Standard term; reasonable timeframe

## Knowledge Applied

This assessment draws on standard credit risk principles:
- **Banking relationship** as a proxy for financial integration and reliability
- **Employment precarity** for foreign workers as a documented risk factor
- **Contact accessibility** as operationally important for lender protection
- **Credit scoring context**: This appears to be German credit data (DM currency, specific employment classifications), where foreign worker status historically carried measurable default risk premiums

## Conclusion

While the applicant demonstrates some positive credit behaviors (past payment history, employment stability, modest leverage), the **absence of a checking account combined with foreign worker status** creates material uncertainty about long-term capacity and willingness to repay. The combination of these factors outweighs the mitigating positives, particularly given the lack of direct banking relationship for monitoring and enforcement.",""
"8","claude-haiku-4-5-20251001","bare","Good","Bad","False","317","722","2026-02-25T12:16:25.300314","# Credit Risk Assessment: BAD

## Classification Rationale

This applicant presents **elevated credit risk** despite some positive indicators. The combination of weak liquidity, marginal savings, and structural vulnerabilities outweighs the stability factors.

## Weighted Factors Analysis

### HEAVILY WEIGHTED (Negative):

1. **Checking Account: 0-200 DM** (Critical)
   - Indicates minimal liquid reserves and poor cash flow management
   - Provides no buffer for payment interruptions
   - Suggests living paycheck-to-paycheck despite stated income level

2. **Savings/Bonds: <100 DM** (Critical)
   - Virtually no emergency reserves
   - No financial cushion for job loss, illness, or other disruptions
   - Inconsistent with a management-level professional

3. **Foreign Worker Status** (Significant)
   - May face visa/employment renewal risks not fully captured here
   - Potential for sudden forced relocation
   - Possible income stability vulnerabilities in host country

4. **Loan-to-Income Ratio Context** (Moderate concern)
   - 2% installment rate seems low, but with minimal liquid assets, any income disruption becomes critical

### MODERATELY WEIGHTED (Positive):

1. **Credit History: Duly Paid Till Now** (Positive)
   - Demonstrates payment discipline on existing obligations
   - Shows capacity to meet obligations when maintained

2. **Employment Level: Management/Self-Employed** (Positive but qualified)
   - Higher income potential
   - However, self-employed income is less stable than salaried positions

3. **Employment Stability: 1-4 Years** (Modest positive)
   - Some tenure, but relatively short for high-risk lending

### DISCOUNTED FACTORS:

1. **Low Installment Rate (2%)** 
   - While this suggests affordability, it's misleading given the weak asset position
   - Without savings reserves, even low payments become problematic if income disrupts

2. **Loan Purpose: Used Car**
   - Depreciating asset provides no real collateral value
   - Car may be essential for employment (especially if self-employed), creating dependency risk

3. **Existing Credit (1 at bank)**
   - Minimal credit history depth; one account doesn't demonstrate sustained multi-product reliability

## Beyond-the-Data Considerations

1. **Behavioral Red Flags**: The profile suggests possible financial mismanagement—a management-level professional should have built substantially more liquid reserves

2. **Foreign Worker Vulnerability**: Immigration status changes, visa restrictions, or economic xenophobia could create sudden income loss

3. **Self-Employment Uncertainty**: If the applicant is self-employed (one interpretation of the employment level), income stability claims become questionable

4. **Single Dependent**: Unclear if this is a child or elderly parent; additional dependent obligations exist

## Recommendation

**Decline or require substantial conditions**: If proceeding, require a co-signer/guarantor, proof of savings deposits, or significant reduction in loan amount. The applicant's asset poverty relative to credit obligations presents unacceptable risk of default upon any income disruption.",""
"9","claude-haiku-4-5-20251001","bare","Good","Bad","False","294","753","2026-02-25T12:16:35.553349","# Credit Risk Assessment: BAD

## Classification Reasoning

This applicant presents **elevated credit risk** despite some mitigating factors. The combination of several negative indicators outweighs the positive elements.

## Heavily Weighted Negative Factors

**1. Age (61) + Employment Stability Concerns**
- At retirement age with only 4-7 years of current employment stability
- High probability of imminent employment termination or reduced income
- A 12-month loan extends to age 62—into typical retirement years
- Income sustainability is the primary concern for loan repayment

**2. No Checking Account**
- Suggests financial disorganization or banking exclusion
- Makes income verification and ongoing payment monitoring difficult
- Often correlates with informal financial management and payment unreliability

**3. Foreign Worker Status**
- Combined with lack of checking account, suggests potential visa/work permit contingencies
- Employment and residency could be interrupted by immigration status changes
- Reduces borrower's stability and commitment to long-term obligations

**4. Unskilled Employment Level**
- Lower earning capacity and higher job vulnerability
- Limited alternative employment options if current position ends
- Typically more cyclical income exposure

## Mitigating Factors (Discounted)

**Positive elements that don't overcome core risks:**
- **Credit history**: Existing credits paid duly is helpful, but doesn't address the structural employment risk
- **Loan amount (3,059 DM)**: Relatively modest, reducing exposure, but doesn't solve the underlying problem
- **Savings (≥1,000 DM)**: Demonstrates some financial discipline and buffer, but likely insufficient given age and employment situation
- **Real estate ownership + own housing**: Shows asset stability, but illiquid and doesn't address income concerns
- **Low installment rate (2%)**: Favorable debt-to-income ratio, but depends on stable future income
- **Existing credit (1 account)**: Shows some banking relationship, but the lack of checking account undermines this

## Key Considerations Beyond the Data

1. **Retirement Risk**: In most developed economies circa 1990s (this appears to be German credit data from that era), a 61-year-old applicant is at severe risk of income loss within 12-24 months. Standard retirement age (65) is only 4 years away.

2. **Loan Purpose**: Radio/television is a consumer durable—not essential. This is discretionary spending at an age when financial obligations should be minimized.

3. **Employment Verification**: The gap between current residence (4 years) and employment stability (4-7 years) requires clarification. If employment is newer than residence, it's particularly risky.

4. **No Guarantor**: At high-risk demographics, the absence of a co-signer or guarantor is notable and concerning.

## Conclusion

While the applicant has demonstrated ability to repay past obligations and maintains assets, the **structural risk of income loss due to imminent retirement outweighs these historical positives**. The bank would face high probability of default in months 7-12 of the loan term. This is a classic case where past creditworthiness does not predict future repayment capacity due to demographic transitions.

**Recommendation**: Decline or require a co-signer/guarantor aged <55 with stable employment.",""
"10","claude-haiku-4-5-20251001","bare","Bad","Bad","True","311","707","2026-02-25T12:16:44.332906","# Credit Risk Assessment: BAD

## Classification Rationale

This applicant presents **significant contradictions and red flags** that collectively indicate elevated credit risk, despite some mitigating factors.

## Heavily Weighted Risk Factors

**1. Employment Status Contradiction (Critical)**
- Listed as ""unemployed"" yet simultaneously classified as ""management / self-employed / highly qualified employee""
- This inconsistency is alarming—either the data is unreliable, or the applicant is self-employed without stable income documentation
- Self-employment without additional financial documentation is inherently riskier

**2. Weak Liquidity Position**
- Checking account: 0-200 DM (minimal)
- Savings: <100 DM (negligible)
- Credit request: 5,234 DM
- The applicant has virtually no financial cushion for emergencies or payment disruptions

**3. Critical Credit History**
- ""Critical account / other credits existing (not at this bank)"" suggests past payment difficulties or problematic credit behavior
- This is the most predictive factor for future default

**4. Foreign Worker Status**
- Immigration/visa status adds uncertainty regarding income continuity and ability to repay if employment is disrupted

**5. Already Over-leveraged**
- Already has 2 existing credits at this bank
- Adding a new 5,234 DM auto loan increases total debt obligations
- Installment rate of 4% suggests tight cash flow relative to disposable income

## Mitigating Factors (Discounted)

- **Loan duration (30 months)**: Reasonable timeframe, but insufficient given other factors
- **Loan purpose (new car)**: Arguably more stable than unsecured credit, but applicant's financial position makes repayment questionable
- **Personal stability markers** (married, owns home, 2-year residence): These suggest some life stability but don't address fundamental income/liquidity issues
- **Low dependent count (1)**: Reduces family expense burden but doesn't offset core risk factors

## Key Considerations Beyond Stated Data

1. **Employment Documentation Gap**: In standard credit underwriting, verifying self-employment income requires 2-3 years of tax returns and business financial statements—none mentioned here.

2. **Foreign Worker Constraints**: Visa restrictions may limit job mobility and income stability; renewals can be uncertain.

3. **Debt Service Capacity**: With minimal savings and unclear employment, the applicant has little buffer. A single missed payment could cascade into default.

4. **Credit History Weight**: In most credit models, a critical payment history is the strongest predictor of future default, often outweighing other positive factors.

## Conclusion

The contradiction between ""unemployed"" and ""highly qualified employee,"" combined with critical credit history, minimal savings, and existing debt obligations, makes this a **poor credit risk**. The favorable elements (home ownership, marital status, loan purpose) are insufficient to offset the fundamental concerns about income reliability and repayment capacity.

**Recommendation**: Decline or require substantial additional documentation (employment verification, 2+ years tax returns if self-employed, co-signer/guarantor).",""
